[
  {
    "bookID":1,
    "bName":"Book1",
    "genre":"genre1"
  },
  {
    "bookID":2,
    "bName":"Book2",
    "genre":"genre1"
  },
  {
    "bookID":3,
    "bName":"Book3",
    "genre":"genre2"
  },
  {
    "bookID":4,
    "bName":"Book4",
    "genre":"genre1"
  },
  {
    "bookID":5,
    "bName":"Book5",
    "genre":"genre3"
  },
  {
    "bookID":6,
    "bName":"Book6",
    "genre":"genre1"
  },
  {
    "bookID":7,
    "bName":"Book7",
    "genre":"genre1"
  },
  {
    "bookID":8,
    "bName":"Book8",
    "genre":"genre5"
  },
  {
    "bookID":9,
    "bName":"Book9",
    "genre":"genre2"
  },
  {
    "bookID":10,
    "bName":"Book10",
    "genre":"genre2"
  },
  {
    "bookID":11,
    "bName":"Book11",
    "genre":"genre4"
  },
  {
    "bookID":12,
    "bName":"Book12",
    "genre":"genre7"
  },
  {
    "bookID":13,
    "bName":"Book13",
    "genre":"genre6"
  },
  {
    "bookID":14,
    "bName":"Book14",
    "genre":"genre4"
  },
  {
    "bookID":15,
    "bName":"Book15",
    "genre":"genre5"
  },
  {
    "bookID":16,
    "bName":"Book16",
    "genre":"genre2"
  },
  {
    "bookID":17,
    "bName":"Book17",
    "genre":"genre8"
  },
  {
    "bookID":18,
    "bName":"Book18",
    "genre":"genre4"
  },
  {
    "bookID":19,
    "bName":"Book19",
    "genre":"genre3"
  },
  {
    "bookID":20,
    "bName":"Book20",
    "genre":"genre2"
  },
  {
    "bookID":21,
    "bName":"Book21",
    "genre":"genre1"
  },
  {
    "bookID":22,
    "bName":"Book22",
    "genre":"genre3"
  },
  {
    "bookID":23,
    "bName":"Book23",
    "genre":"genre7"
  },
  {
    "bookID":24,
    "bName":"Book24",
    "genre":"genre8"
  },
  {
    "bookID":25,
    "bName":"Book25",
    "genre":"genre7"
  },
  {
    "bookID":26,
    "bName":"Book26",
    "genre":"genre7"
  },
  {
    "bookID":27,
    "bName":"Book27",
    "genre":"genre7"
  },
  {
    "bookID":28,
    "bName":"Book28",
    "genre":"genre5"
  },
  {
    "bookID":29,
    "bName":"Book29",
    "genre":"genre6"
  },
  {
    "bookID":30,
    "bName":"Book30",
    "genre":"genre3"
  },
  {
    "bookID":31,
    "bName":"Book31",
    "genre":"genre2"
  },
  {
    "bookID":32,
    "bName":"Book32",
    "genre":"genre1"
  },
  {
    "bookID":33,
    "bName":"Book33",
    "genre":"genre2"
  },
  {
    "bookID":34,
    "bName":"Book34",
    "genre":"genre5"
  },
  {
    "bookID":35,
    "bName":"Book35",
    "genre":"genre3"
  },
  {
    "bookID":36,
    "bName":"Book36",
    "genre":"genre6"
  },
  {
    "bookID":37,
    "bName":"Book37",
    "genre":"genre7"
  },
  {
    "bookID":38,
    "bName":"Book38",
    "genre":"genre8"
  },
  {
    "bookID":39,
    "bName":"Book39",
    "genre":"genre8"
  },
  {
    "bookID":40,
    "bName":"Book40",
    "genre":"genre2"
  },
  {
    "bookID":41,
    "bName":"Book41",
    "genre":"genre2"
  },
  {
    "bookID":42,
    "bName":"Book42",
    "genre":"genre2"
  },
  {
    "bookID":43,
    "bName":"Book43",
    "genre":"genre2"
  },
  {
    "bookID":44,
    "bName":"Book44",
    "genre":"genre1"
  },
  {
    "bookID":45,
    "bName":"Book45",
    "genre":"genre4"
  },
  {
    "bookID":46,
    "bName":"Book46",
    "genre":"genre1"
  },
  {
    "bookID":47,
    "bName":"Book47",
    "genre":"genre1"
  },
  {
    "bookID":48,
    "bName":"Book48",
    "genre":"genre5"
  },
  {
    "bookID":49,
    "bName":"Book49",
    "genre":"genre2"
  },
  {
    "bookID":50,
    "bName":"Book50",
    "genre":"genre4"
  }
]
